{
  "n_claims": 20,
  "n_refutes": 10,
  "n_supports": 10,
  "nonfact_auc_pr": 0.5879994515288632,
  "factual_auc_pr": 0.5382711681163693,
  "pearson_r": -0.0019475884096053497,
  "pearson_p": 0.9934980993947149,
  "spearman_r": 0.0173421993904824,
  "spearman_p": 0.9421499835467455,
  "score_stats": {
    "mean": 0.6759879877601633,
    "std": 0.2144251299736739,
    "min": 0.1901206998154521,
    "max": 0.9776871204376221
  },
  "refutes_score_mean": 0.6755703758622985,
  "supports_score_mean": 0.6764055996580283
}